상품명,품번,품목코드
에어리파우더 아트웍 5종,LKEAM154-MT,2
에어리파우더 아트웍 5종_S/90,LKEAM154-MT,L08640
에어리파우더 아트웍 5종_M/95,LKEAM154-MT,L08641
에어리파우더 아트웍 5종_L/100,LKEAM154-MT,L08642
에어리파우더 아트웍 5종_XL/105,LKEAM154-MT,L08643
에어리파우더 아트웍 5종_2XL/110,LKEAM154-MT,L08644
에어리파우더 아트웍 5종_4XL/120,LKEAM154-MT,L08645
에어리파우더 솔리드 5종,LKEAM155-MT,2
에어리파우더 솔리드 5종_S/90,LKEAM155-MT,L08646
에어리파우더 솔리드 5종_M/95,LKEAM155-MT,L08647
에어리파우더 솔리드 5종_L/100,LKEAM155-MT,L08648
에어리파우더 솔리드 5종_XL/105,LKEAM155-MT,L08649
에어리파우더 솔리드 5종_2XL/110,LKEAM155-MT,L08650
에어리파우더 솔리드 5종_4XL/120,LKEAM155-MT,L08651
지붕위의 와인 5종,LLMEA311-MT,2
지붕위의 와인 5종_S/90,LLMEA311-MT,L09714
지붕위의 와인 5종_M/95,LLMEA311-MT,L09715
지붕위의 와인 5종_L/100,LLMEA311-MT,L09716
지붕위의 와인 5종_XL/105,LLMEA311-MT,L09717
지붕위의 와인 5종_2XL/110,LLMEA311-MT,L09718
지붕위의 와인 5종_4XL/120,LLMEA311-MT,L09719
집 앞에 그린 5종,LLMEA312-MT,2
집 앞에 그린 5종_S/90,LLMEA312-MT,L09750
집 앞에 그린 5종_M/95,LLMEA312-MT,L09751
집 앞에 그린 5종_L/100,LLMEA312-MT,L09752
집 앞에 그린 5종_XL/105,LLMEA312-MT,L09753
집 앞에 그린 5종_2XL/110,LLMEA312-MT,L09754
집 앞에 그린 5종_4XL/120,LLMEA312-MT,L09755
집주인 취향 블루 5종,LLMEA313-MT,2
집주인 취향 블루 5종_S/90,LLMEA313-MT,L09786
집주인 취향 블루 5종_M/95,LLMEA313-MT,L09787
집주인 취향 블루 5종_L/100,LLMEA313-MT,L09788
집주인 취향 블루 5종_XL/105,LLMEA313-MT,L09789
집주인 취향 블루 5종_2XL/110,LLMEA313-MT,L09790
집주인 취향 블루 5종_4XL/120,LLMEA313-MT,L09791
레트로레이디 아트웍 7종,LWLBAPA0283-MT,2
레트로레이디 아트웍 7종_S/90,LWLBAPA0283-MT,L09541
레트로레이디 아트웍 7종_M/95,LWLBAPA0283-MT,L09542
레트로레이디 아트웍 7종_L/100,LWLBAPA0283-MT,L09543
레트로레이디 아트웍 7종_XL/105,LWLBAPA0283-MT,L09544
레트로레이디 아트웍 7종_2XL/110,LWLBAPA0283-MT,L09545
레트로레이디 아트웍 7종_4XL/120,LWLBAPA0283-MT,L09546
레트로레이디 솔리드 5종,LWLBAPA0284-MT,2
레트로레이디 솔리드 5종_S/90,LWLBAPA0284-MT,L09547
레트로레이디 솔리드 5종_M/95,LWLBAPA0284-MT,L09548
레트로레이디 솔리드 5종_L/100,LWLBAPA0284-MT,L09549
레트로레이디 솔리드 5종_XL/105,LWLBAPA0284-MT,L09550
레트로레이디 솔리드 5종_2XL/110,LWLBAPA0284-MT,L09551
레트로레이디 솔리드 5종_4XL/120,LWLBAPA0284-MT,L09552
오렌지무드 5종,LWHSS212-MT,2
오렌지무드 5종_S/90,LWHSS212-MT,L04875
오렌지무드 5종_M/95,LWHSS212-MT,L04876
오렌지무드 5종_L/100,LWHSS212-MT,L04877
오렌지무드 5종_XL/105,LWHSS212-MT,L04878
오렌지무드 5종_2XL/110,LWHSS212-MT,L04884
그레이무드 5종,LWHSS213-GR,2
그레이무드 5종_S/90,LWHSS213-GR,L04879
그레이무드 5종_M/95,LWHSS213-GR,L04880
그레이무드 5종_L/100,LWHSS213-GR,L04881
그레이무드 5종_XL/105,LWHSS213-GR,L04882
그레이무드 5종_2XL/110,LWHSS213-GR,L04885
숲 속의 산책 5종,LWWFW242-MT,2
숲 속의 산책 5종_XS/85,LWWFW242-MT,L06513
숲 속의 산책 5종_S/90,LWWFW242-MT,L06514
숲 속의 산책 5종_M/95,LWWFW242-MT,L06515
숲 속의 산책 5종_L/100,LWWFW242-MT,L06516
숲 속의 산책 5종_XL/105,LWWFW242-MT,L06517
숲 속의 산책 5종_2XL/110,LWWFW242-MT,L06518
별 헤는 밤 5종,LWWFW243-MT,1
별 헤는 밤 5종_XS/85,LWWFW243-MT,L06519
별 헤는 밤 5종_S/90,LWWFW243-MT,L06520
별 헤는 밤 5종_M/95,LWWFW243-MT,L06521
별 헤는 밤 5종_L/100,LWWFW243-MT,L06522
별 헤는 밤 5종_XL/105,LWWFW243-MT,L06523
별 헤는 밤 5종_2XL/110,LWWFW243-MT,L06524
여우의 꿈 5종,LWWFW244-MT,2
여우의 꿈 5종_XS/85,LWWFW244-MT,L06525
여우의 꿈 5종_S/90,LWWFW244-MT,L06526
여우의 꿈 5종_M/95,LWWFW244-MT,L06527
여우의 꿈 5종_L/100,LWWFW244-MT,L06528
여우의 꿈 5종_XL/105,LWWFW244-MT,L06529
여우의 꿈 5종_2XL/110,LWWFW244-MT,L06530
스킨무드 5종,LJMEA038-MT,2
스킨무드 5종_S/90,LJMEA038-MT,L07721
스킨무드 5종_M/95,LJMEA038-MT,L07722
스킨무드 5종_L/100,LJMEA038-MT,L07723
스킨무드 5종_XL/105,LJMEA038-MT,L07724
스킨무드 5종_2XL/110,LJMEA038-MT,L07725
마카롱 5종,LWWFW553-MT,2
마카롱 5종_XS/85,LWWFW553-MT,L06790
마카롱 5종_S/90,LWWFW553-MT,L06791
마카롱 5종_M/95,LWWFW553-MT,L06792
마카롱 5종_L/100,LWWFW553-MT,L06793
마카롱 5종_XL/105,LWWFW553-MT,L06794
마카롱 5종_2XL/110,LWWFW553-MT,L06795
알사탕 5종,LWWFW579-MT,2
알사탕 5종_XS/85,LWWFW579-MT,L07009
알사탕 5종_S/90,LWWFW579-MT,L07010
알사탕 5종_M/95,LWWFW579-MT,L07011
알사탕 5종_L/100,LWWFW579-MT,L07012
알사탕 5종_XL/105,LWWFW579-MT,L07013
알사탕 5종_2XL/110,LWWFW579-MT,L07014
메이플 슈가 1종,LWKHABT0235-MS,2
메이플 슈가 1종_S/90,LWKHABT0235-MS,L09128
메이플 슈가 1종_M/95,LWKHABT0235-MS,L09129
메이플 슈가 1종_L/100,LWKHABT0235-MS,L09130
메이플 슈가 1종_XL/105,LWKHABT0235-MS,L09131
메이플 슈가 1종_2XL/110,LWKHABT0235-MS,L09132
메이플 슈가 1종_4XL/120,LWKHABT0235-MS,L09133
애쉬 오브 로즈 1종,LWKHABT0236-AR,4
애쉬 오브 로즈 1종_S/90,LWKHABT0236-AR,L09134
애쉬 오브 로즈 1종_M/95,LWKHABT0236-AR,L09135
애쉬 오브 로즈 1종_L/100,LWKHABT0236-AR,L09136
애쉬 오브 로즈 1종_XL/105,LWKHABT0236-AR,L09137
애쉬 오브 로즈 1종_2XL/110,LWKHABT0236-AR,L09138
애쉬 오브 로즈 1종_4XL/120,LWKHABT0236-AR,L09139
앤틱 블랙 1종,LWKHABT0237-BK,4
앤틱 블랙 1종_S/90,LWKHABT0237-BK,L09140
앤틱 블랙 1종_M/95,LWKHABT0237-BK,L09141
앤틱 블랙 1종_L/100,LWKHABT0237-BK,L09142
앤틱 블랙 1종_XL/105,LWKHABT0237-BK,L09143
앤틱 블랙 1종_2XL/110,LWKHABT0237-BK,L09144
앤틱 블랙 1종_4XL/120,LWKHABT0237-BK,L09145
레트로레이디 그레이 뮤즈,LWKKABT0271-GY,4
레트로레이디 그레이 뮤즈_S/90,LWKKABT0271-GY,L09461
레트로레이디 그레이 뮤즈_M/95,LWKKABT0271-GY,L09462
레트로레이디 그레이 뮤즈_L/100,LWKKABT0271-GY,L09463
레트로레이디 그레이 뮤즈_XL/105,LWKKABT0271-GY,L09464
레트로레이디 그레이 뮤즈_2XL/110,LWKKABT0271-GY,L09465
레트로레이디 그레이 뮤즈_4XL/120,LWKKABT0271-GY,L09466
레트로레이디 블랙 뮤즈,LWKAABT0149-BK,4
레트로레이디 블랙 뮤즈_S/90,LWKAABT0149-BK,L08566
레트로레이디 블랙 뮤즈_M/95,LWKAABT0149-BK,L08567
레트로레이디 블랙 뮤즈_L/100,LWKAABT0149-BK,L08568
레트로레이디 블랙 뮤즈_XL/105,LWKAABT0149-BK,L08664
레트로레이디 블랙 뮤즈_2XL/110,LWKAABT0149-BK,L08783
레트로레이디 블랙 뮤즈_4XL/120,LWKAABT0149-BK,L08784
베이지 반팔,LWSHA586-BE,4
베이지 반팔_XS/85,LWSHA586-BE,L07038
베이지 반팔_S/90,LWSHA586-BE,L07039
베이지 반팔_M/95,LWSHA586-BE,L07040
베이지 반팔_L/100,LWSHA586-BE,L07041
베이지 반팔_XL/105,LWSHA586-BE,L07042
베이지 반팔_2XL/110,LWSHA586-BE,L07043
코랄플로랄 반팔,LWSHA587-CF,4
코랄플로랄 반팔_XS/85,LWSHA587-CF,L07044
코랄플로랄 반팔_S/90,LWSHA587-CF,L07045
코랄플로랄 반팔_M/95,LWSHA587-CF,L07046
코랄플로랄 반팔_L/100,LWSHA587-CF,L07047
코랄플로랄 반팔_XL/105,LWSHA587-CF,L07048
코랄플로랄 반팔_2XL/110,LWSHA587-CF,L07049
그레이폭스 반팔,LWSHA588-GF,4
그레이폭스 반팔_XS/85,LWSHA588-GF,L07050
그레이폭스 반팔_S/90,LWSHA588-GF,L07051
그레이폭스 반팔_M/95,LWSHA588-GF,L07052
그레이폭스 반팔_L/100,LWSHA588-GF,L07053
그레이폭스 반팔_XL/105,LWSHA588-GF,L07054
그레이폭스 반팔_2XL/110,LWSHA588-GF,L07055
그리드 슬리브리스,LWSHA589-GR,4
그리드 슬리브리스_XS/85,LWSHA589-GR,L07056
그리드 슬리브리스_S/90,LWSHA589-GR,L07057
그리드 슬리브리스_M/95,LWSHA589-GR,L07058
그리드 슬리브리스_L/100,LWSHA589-GR,L07059
그리드 슬리브리스_XL/105,LWSHA589-GR,L07060
그리드 슬리브리스_2XL/110,LWSHA589-GR,L07061
코랄플로랄 바디웨어,LWSGI537-CF,4
코랄플로랄 바디웨어_XS/85,LWSGI537-CF,L06716
코랄플로랄 바디웨어_S/90,LWSGI537-CF,L06717
코랄플로랄 바디웨어_M/95,LWSGI537-CF,L06718
코랄플로랄 바디웨어_L/100,LWSGI537-CF,L06719
코랄플로랄 바디웨어_XL/105,LWSGI537-CF,L06720
코랄플로랄 바디웨어_2XL/110,LWSGI537-CF,L06721
다이퍼 민트 8부,LWJEAP0048-MI,4
다이퍼 민트 8부_S/90,LWJEAP0048-MI,L07529
다이퍼 민트 8부_M/95,LWJEAP0048-MI,L07530
다이퍼 민트 8부_L/100,LWJEAP0048-MI,L07531
다이퍼 민트 8부_XL/105,LWJEAP0048-MI,L07532
듀이 네이비 8부,LWJDAPT0006-NY,5
듀이 네이비 8부_S/90,LWJDAPT0006-NY,L07106
듀이 네이비 8부_M/95,LWJDAPT0006-NY,L07107
듀이 네이비 8부_L/100,LWJDAPT0006-NY,L07108
듀이 네이비 8부_XL/105,LWJDAPT0006-NY,L07109
트로피컬 옐로우 5부,LWJDAPT0005-YE,5
트로피컬 옐로우 5부_S/90,LWJDAPT0005-YE,L07102
트로피컬 옐로우 5부_M/95,LWJDAPT0005-YE,L07103
트로피컬 옐로우 5부_L/100,LWJDAPT0005-YE,L07104
트로피컬 옐로우 5부_XL/105,LWJDAPT0005-YE,L07105
블랙화이트 5부,LWKEAKP0204-BW,5
블랙화이트 5부_S/90,LWKEAKP0204-BW,L08923
블랙화이트 5부_M/95,LWKEAKP0204-BW,L08924
블랙화이트 5부_L/100,LWKEAKP0204-BW,L08925
블랙화이트 5부_XL/105,LWKEAKP0204-BW,L08926
블랙화이트 5부_2XL/110,LWKEAKP0204-BW,L08927
폴로네이즈 브릭 핀턱,LWKGASK0206-BC,5
폴로네이즈 브릭 핀턱_S/M,LWKGASK0206-BC,L08932
폴로네이즈 브릭 핀턱_L/XL,LWKGASK0206-BC,L08933
미뉴엣 블루 프릴,LWKGASK0205-CB,5
미뉴엣 블루 프릴_S/M,LWKGASK0205-CB,L08928
미뉴엣 블루 프릴_L/XL,LWKGASK0205-CB,L08929
네이비 매트저지 9부,LWKEAPT0225-NY,5
네이비 매트저지 9부_S/90,LWKEAPT0225-NY,L09033
네이비 매트저지 9부_M/95,LWKEAPT0225-NY,L09034
네이비 매트저지 9부_L/100,LWKEAPT0225-NY,L09035
네이비 매트저지 9부_XL/105,LWKEAPT0225-NY,L09036
페르시안 루미 레드 9부,LWPGF1007-RE,5
페르시안 루미 레드 9부_S/90,LWPGF1007-RE,L05831
페르시안 루미 레드 9부_M/95,LWPGF1007-RE,L05832
페르시안 루미 레드 9부_L/100,LWPGF1007-RE,L05834
페르시안 루미 레드 9부_XL/105,LWPGF1007-RE,L05835
페르시안 데칼코마니 베이지 7부,LWPFD141-BE,5
페르시안 데칼코마니 베이지 7부_S/90,LWPFD141-BE,L04698
페르시안 데칼코마니 베이지 7부_M/95,LWPFD141-BE,L04699
페르시안 데칼코마니 베이지 7부_L/100,LWPFD141-BE,L04700
페르시안 데칼코마니 베이지 7부_XL/105,LWPFD141-BE,L04701
크래시 오블리크 와인 7부,LWPFD148-WI,1
크래시 오블리크 와인 7부_S/90,LWPFD148-WI,L04726
크래시 오블리크 와인 7부_M/95,LWPFD148-WI,L04727
크래시 오블리크 와인 7부_L/100,LWPFD148-WI,L04728
크래시 오블리크 와인 7부_XL/105,LWPFD148-WI,L04729
쿠폴라 벨 네이비 4부,LWJDAP0008-NY,5
쿠폴라 벨 네이비 4부_S/90,LWJDAP0008-NY,L07118
쿠폴라 벨 네이비 4부_M/95,LWJDAP0008-NY,L07119
쿠폴라 벨 네이비 4부_L/100,LWJDAP0008-NY,L07120
쿠폴라 벨 네이비 4부_XL/105,LWJDAP0008-NY,L07121
쿠폴라 벨 네이비 4부_2XL/110,LWJDAP0008-NY,L07122
오리엔탈 체리 그레이 4부,LWPGF1022-GY,1
오리엔탈 체리 그레이 4부_S/90,LWPGF1022-GY,L05964
오리엔탈 체리 그레이 4부_M/95,LWPGF1022-GY,L05966
오리엔탈 체리 그레이 4부_L/100,LWPGF1022-GY,L05967
오리엔탈 체리 그레이 4부_XL/105,LWPGF1022-GY,L05968
네이비 다이아 커트 4부,LWPGF1011-NY,1
네이비 다이아 커트 4부_S/90,LWPGF1011-NY,L05892
네이비 다이아 커트 4부_M/95,LWPGF1011-NY,L05894
네이비 다이아 커트 4부_L/100,LWPGF1011-NY,L05895
네이비 다이아 커트 4부_XL/105,LWPGF1011-NY,L05896
칸타빌레 핑크블루 셋업,LWLBAST0275-BU,5
칸타빌레 핑크블루 셋업_S/90,LWLBAST0275-BU,L09489
칸타빌레 핑크블루 셋업_M/95,LWLBAST0275-BU,L09490
칸타빌레 핑크블루 셋업_L/100,LWLBAST0275-BU,L09491
칸타빌레 핑크블루 셋업_XL/105,LWLBAST0275-BU,L09492
칸타빌레 핑크블루 셋업_2XL/110,LWLBAST0275-BU,L09531
페르시안 루미 핑크 셋업,LWSGF1004-PK,3
페르시안 루미 핑크 셋업_S/90,LWSGF1004-PK,L05777
페르시안 루미 핑크 셋업_M/95,LWSGF1004-PK,L05778
페르시안 루미 핑크 셋업_L/100,LWSGF1004-PK,L05780
페르시안 루미 핑크 셋업_XL/105,LWSGF1004-PK,L05781
레드 핀턱 셋업,LWLEAST0319-RE,3
레드 핀턱 셋업_S/90,LWLEAST0319-RE,L09996
레드 핀턱 셋업_M/95,LWLEAST0319-RE,L09997
레드 핀턱 셋업_L/100,LWLEAST0319-RE,L09998
레드 핀턱 셋업_XL/105,LWLEAST0319-RE,L09999
레드 핀턱 셋업_2XL/110,LWLEAST0319-RE,L10000
베이비 블루 셋업,LWJDAPJ0001-BU,3
베이비 블루 셋업_S/90,LWJDAPJ0001-BU,L07082
베이비 블루 셋업_M/95,LWJDAPJ0001-BU,L07083
베이비 블루 셋업_L/100,LWJDAPJ0001-BU,L07084
베이비 블루 셋업_XL/105,LWJDAPJ0001-BU,L07085
베이비 블루 셋업_2XL/110,LWJDAPJ0001-BU,L07582
레나 로즈 썸머 셋업,LWKFAPJ0170-PK,3
레나 로즈 썸머 셋업_S/90,LWKFAPJ0170-PK,L08743
레나 로즈 썸머 셋업_M/95,LWKFAPJ0170-PK,L08744
레나 로즈 썸머 셋업_L/100,LWKFAPJ0170-PK,L08745
레나 로즈 썸머 셋업_XL/105,LWKFAPJ0170-PK,L08746
레나 로즈 썸머 셋업_2XL/110,LWKFAPJ0170-PK,L08747
아이리스 블루 썸머 셋업,LWKFAPJ0172-MT,3
아이리스 블루 썸머 셋업_S/90,LWKFAPJ0172-MT,L08753
아이리스 블루 썸머 셋업_M/95,LWKFAPJ0172-MT,L08754
아이리스 블루 썸머 셋업_L/100,LWKFAPJ0172-MT,L08755
아이리스 블루 썸머 셋업_XL/105,LWKFAPJ0172-MT,L08756
아이리스 블루 썸머 셋업_2XL/110,LWKFAPJ0172-MT,L08757
일루미네 스카이블루 셋업,LWSGC347-SB,3
일루미네 스카이블루 셋업_S/90,LWSGC347-SB,L06106
일루미네 스카이블루 셋업_M/95,LWSGC347-SB,L06107
일루미네 스카이블루 셋업_L/100,LWSGC347-SB,L06108
일루미네 스카이블루 셋업_XL/105,LWSGC347-SB,L06109
일루미네 스카이블루 셋업_2XL/110,LWSGC347-SB,L06014
화이트 다이아 커트 셋업,LWSDE730-WH,1
화이트 다이아 커트 셋업_S/90,LWSDE730-WH,L03473
화이트 다이아 커트 셋업_M/95,LWSDE730-WH,L03474
화이트 다이아 커트 셋업_L/100,LWSDE730-WH,L03475
멀티패치 남녀공용 셋업,LWSGF1021-MT,3
멀티패치 남녀공용 셋업_M/95,LWSGF1021-MT,L05959
멀티패치 남녀공용 셋업_L/100,LWSGF1021-MT,L05960
멀티패치 남녀공용 셋업_XL/105,LWSGF1021-MT,L05962
멀티패치 남녀공용 셋업_2XL/110,LWSGF1021-MT,L05963
라임 오렌지 플라워 프릴,LWJHAOP0102-OR,3
라임 오렌지 플라워 프릴_FREE,LWJHAOP0102-OR,L07860
블룸로즈 그린 플라워 프릴,LWJHAOP0101-LG,6
블룸로즈 그린 플라워 프릴_FREE,LWJHAOP0101-LG,L07857
클로리스 그린피치 핀턱,LWLBAOP0277-PE,6
클로리스 그린피치 핀턱_S/90,LWLBAOP0277-PE,L09501
클로리스 그린피치 핀턱_M/95,LWLBAOP0277-PE,L09502
클로리스 그린피치 핀턱_L/100,LWLBAOP0277-PE,L09503
클로리스 그린피치 핀턱_XL/105,LWLBAOP0277-PE,L09504
클로리스 그린피치 핀턱_2XL/110,LWLBAOP0277-PE,L09534
피앙세 블루랑데뷰 핀턱,LWLBAOP0282-BU,6
피앙세 블루랑데뷰 핀턱_S/90,LWLBAOP0282-BU,L09525
피앙세 블루랑데뷰 핀턱_M/95,LWLBAOP0282-BU,L09526
피앙세 블루랑데뷰 핀턱_L/100,LWLBAOP0282-BU,L09527
피앙세 블루랑데뷰 핀턱_XL/105,LWLBAOP0282-BU,L09528
베이비핑크 핀턱,LWLCAOP0288-PK,6
베이비핑크 핀턱_S/90,LWLCAOP0288-PK,L09572
베이비핑크 핀턱_M/95,LWLCAOP0288-PK,L09573
베이비핑크 핀턱_L/100,LWLCAOP0288-PK,L09574
베이비핑크 핀턱_XL/105,LWLCAOP0288-PK,L09575
아마빌레 블랙핑크 핀턱,LWLEAOP0316-BK,6
아마빌레 블랙핑크 핀턱_S/90,LWLEAOP0316-BK,L09826
아마빌레 블랙핑크 핀턱_M/95,LWLEAOP0316-BK,L09827
아마빌레 블랙핑크 핀턱_L/100,LWLEAOP0316-BK,L09828
아마빌레 블랙핑크 핀턱_XL/105,LWLEAOP0316-BK,L09829
칸탄도 블루헤븐,LWLEAOP0315-BU,6
칸탄도 블루헤븐_S/90,LWLEAOP0315-BU,L09822
칸탄도 블루헤븐_M/95,LWLEAOP0315-BU,L09823
칸탄도 블루헤븐_L/100,LWLEAOP0315-BU,L09824
칸탄도 블루헤븐_XL/105,LWLEAOP0315-BU,L09825
핑크 페이즐리 퓨어,LWODG792-PK,6
핑크 페이즐리 퓨어_S/90,LWODG792-PK,L03695
핑크 페이즐리 퓨어_M/95,LWODG792-PK,L03696
핑크 페이즐리 퓨어_L/100,LWODG792-PK,L03697
핑크 페이즐리 퓨어_XL/105,LWODG792-PK,L05750
페르시안 루미 핑크,LWODA648-PK,6
페르시안 루미 핑크_S/90,LWODA648-PK,L03278
페르시안 루미 핑크_M/95,LWODA648-PK,L03279
페르시안 루미 핑크_L/100,LWODA648-PK,L03280
화이트 다이아 핀턱,LWOGF1018-WH,1
화이트 다이아 핀턱 _S/90,LWOGF1018-WH,L05943
화이트 다이아 핀턱 _M/95,LWOGF1018-WH,L05944
화이트 다이아 핀턱 _L/100,LWOGF1018-WH,L05946
화이트 다이아 핀턱 _XL/105,LWOGF1018-WH,L05947
그린 다이아 커트 핀턱,LWOGF1014-GR,6
그린 다이아 커트 핀턱_S/90,LWOGF1014-GR,L05918
그린 다이아 커트 핀턱_M/95,LWOGF1014-GR,L05919
그린 다이아 커트 핀턱_L/100,LWOGF1014-GR,L05920
그린 다이아 커트 핀턱_XL/105,LWOGF1014-GR,L05922
플뢰르 블루 핀턱,LWSGC350-BU,6
플뢰르 블루 핀턱_S/90,LWSGC350-BU,L06218
플뢰르 블루 핀턱_M/95,LWSGC350-BU,L06219
플뢰르 블루 핀턱_L/100,LWSGC350-BU,L06220
플뢰르 블루 핀턱_XL/105,LWSGC350-BU,L06221
플뢰르 블루 핀턱_2XL/110,LWSGC350-BU,L06018
블러쉬 핑크 핀턱,LWSGC349-PK,6
블러쉬 핑크 핀턱_S/90,LWSGC349-PK,L06214
블러쉬 핑크 핀턱_M/95,LWSGC349-PK,L06215
블러쉬 핑크 핀턱_L/100,LWSGC349-PK,L06216
블러쉬 핑크 핀턱_XL/105,LWSGC349-PK,L06217
블러쉬 핑크 핀턱_2XL/110,LWSGC349-PK,L06016
들로네 핑크 매트,LWOGC322-PK,1
들로네 핑크 매트 _S/90,LWOGC322-PK,L06162
들로네 핑크 매트 _M/95,LWOGC322-PK,L06163
들로네 핑크 매트 _L/100,LWOGC322-PK,L06164
들로네 핑크 매트 _XL/105,LWOGC322-PK,L06165
핑크 지오메트릭 롱,LWODF781-PK,1
핑크 지오메트릭 롱 _S/90,LWODF781-PK,L03655
핑크 지오메트릭 롱 _M/95,LWODF781-PK,L03656
핑크 지오메트릭 롱 _L/100,LWODF781-PK,L03657
포피레드 미모사 프릴 셋업,LWMCAST0378-PR,6
포피레드 미모사 프릴 셋업_S/90,LWMCAST0378-PR,L10285
포피레드 미모사 프릴 셋업_M/95,LWMCAST0378-PR,L10286
포피레드 미모사 프릴 셋업_L/100,LWMCAST0378-PR,L10287
포피레드 미모사 프릴 셋업_XL/105,LWMCAST0378-PR,L10288
포피레드 미모사 프릴 셋업_2XL/110,LWMCAST0378-PR,L10289
포피레드 미모사 프릴 셋업_4XL/120,LWMCAST0378-PR,L10450
스노우블루 모히토 셋업,LWMCAST0379-NY,3
스노우블루 모히토 셋업_S/90,LWMCAST0379-NY,L10290
스노우블루 모히토 셋업_M/95,LWMCAST0379-NY,L10291
스노우블루 모히토 셋업_L/100,LWMCAST0379-NY,L10292
스노우블루 모히토 셋업_XL/105,LWMCAST0379-NY,L10293
스노우블루 모히토 셋업_2XL/110,LWMCAST0379-NY,L10294
스노우블루 모히토 셋업_4XL/120,LWMCAST0379-NY,L10451
리치블랙 레이디콕 셋업,LWMCAST0380-BK,3
리치블랙 레이디콕 셋업_S/90,LWMCAST0380-BK,L10295
리치블랙 레이디콕 셋업_M/95,LWMCAST0380-BK,L10296
리치블랙 레이디콕 셋업_L/100,LWMCAST0380-BK,L10297
리치블랙 레이디콕 셋업_XL/105,LWMCAST0380-BK,L10298
리치블랙 레이디콕 셋업_2XL/110,LWMCAST0380-BK,L10299
리치블랙 레이디콕 셋업_4XL/120,LWMCAST0380-BK,L10454
버건디 홀릭,LWMDA5P0385-BG,3
버건디 홀릭_S/90,LWMDA5P0385-BG,L10332
버건디 홀릭_M/95,LWMDA5P0385-BG,L10333
버건디 홀릭_L/100,LWMDA5P0385-BG,L10334
버건디 홀릭_XL/105,LWMDA5P0385-BG,L10335
버건디 홀릭_2XL/110,LWMDA5P0385-BG,L10336
블룸 블루,LWMDA5P0386-BL,5
블룸 블루_S/90,LWMDA5P0386-BL,L10337
블룸 블루_M/95,LWMDA5P0386-BL,L10338
블룸 블루_L/100,LWMDA5P0386-BL,L10339
블룸 블루_XL/105,LWMDA5P0386-BL,L10340
블룸 블루_2XL/110,LWMDA5P0386-BL,L10341
크루셜 퍼플,LWMDA5P0387-PU,5
크루셜 퍼플_S/90,LWMDA5P0387-PU,L10342
크루셜 퍼플_M/95,LWMDA5P0387-PU,L10343
크루셜 퍼플_L/100,LWMDA5P0387-PU,L10344
크루셜 퍼플_XL/105,LWMDA5P0387-PU,L10345
크루셜 퍼플_2XL/110,LWMDA5P0387-PU,L10346
클래식 볼드 블랙 핀턱 셋업,LWMCAST0383-BK,5
클래식 볼드 블랙 핀턱 셋업_S/90,LWMCAST0383-BK,L10317
클래식 볼드 블랙 핀턱 셋업_M/95,LWMCAST0383-BK,L10318
클래식 볼드 블랙 핀턱 셋업_L/100,LWMCAST0383-BK,L10319
클래식 볼드 블랙 핀턱 셋업_XL/105,LWMCAST0383-BK,L10320
클래식 볼드 블랙 핀턱 셋업_2XL/110,LWMCAST0383-BK,L10321
빈티지 스트라이프 핀턱 셋업,LWMCAST0384-MT,3
빈티지 스트라이프 핀턱 셋업_S/90,LWMCAST0384-MT,L10322
빈티지 스트라이프 핀턱 셋업_M/95,LWMCAST0384-MT,L10323
빈티지 스트라이프 핀턱 셋업_L/100,LWMCAST0384-MT,L10324
빈티지 스트라이프 핀턱 셋업_XL/105,LWMCAST0384-MT,L10325
빈티지 스트라이프 핀턱 셋업_2XL/110,LWMCAST0384-MT,L10326
위자드 블랙퍼플 핀턱,LWMDAOP0391-BK,3
위자드 블랙퍼플 핀턱_S/90,LWMDAOP0391-BK,L10391
위자드 블랙퍼플 핀턱_M/95,LWMDAOP0391-BK,L10392
위자드 블랙퍼플 핀턱_L/100,LWMDAOP0391-BK,L10393
위자드 블랙퍼플 핀턱_XL/105,LWMDAOP0391-BK,L10394
리얼리브 그린하우스 핀턱,LWMDAOP0392-GR,6
리얼리브 그린하우스 핀턱_S/90,LWMDAOP0392-GR,L10395
리얼리브 그린하우스 핀턱_M/95,LWMDAOP0392-GR,L10396
리얼리브 그린하우스 핀턱_L/100,LWMDAOP0392-GR,L10397
리얼리브 그린하우스 핀턱_XL/105,LWMDAOP0392-GR,L10398
미스틱 블루 맥시,LWMDAOP0393-NY,6
미스틱 블루 맥시_S/90,LWMDAOP0393-NY,L10399
미스틱 블루 맥시_M/95,LWMDAOP0393-NY,L10400
미스틱 블루 맥시_L/100,LWMDAOP0393-NY,L10401
미스틱 블루 맥시_XL/105,LWMDAOP0393-NY,L10402
클래식 볼드블랙 퍼프,LWMDAOP0394-BK,6
클래식 볼드블랙 퍼프_S/90,LWMDAOP0394-BK,L10403
클래식 볼드블랙 퍼프_M/95,LWMDAOP0394-BK,L10404
클래식 볼드블랙 퍼프_L/100,LWMDAOP0394-BK,L10405
클래식 볼드블랙 퍼프_XL/105,LWMDAOP0394-BK,L10406
블룸 블루 퍼프,LWMDAOP0395-BU,6
블룸 블루 퍼프_S/90,LWMDAOP0395-BU,L10407
블룸 블루 퍼프_M/95,LWMDAOP0395-BU,L10408
블룸 블루 퍼프_L/100,LWMDAOP0395-BU,L10409
블룸 블루 퍼프_XL/105,LWMDAOP0395-BU,L10410
볼드 터치 브라운 핀턱 셋업,LWMDAST0398-BR,6
볼드 터치 브라운 핀턱 셋업_S/90,LWMDAST0398-BR,L10419
볼드 터치 브라운 핀턱 셋업_M/95,LWMDAST0398-BR,L10420
볼드 터치 브라운 핀턱 셋업_L/100,LWMDAST0398-BR,L10421
볼드 터치 브라운 핀턱 셋업_XL/105,LWMDAST0398-BR,L10422
볼드 터치 브라운 핀턱 셋업_2XL/110,LWMDAST0398-BR,L10423
튤립 멜로디 레드 핀턱 셋업,LWMDAST0399-RE,3
튤립 멜로디 레드 핀턱 셋업_S/90,LWMDAST0399-RE,L10424
튤립 멜로디 레드 핀턱 셋업_M/95,LWMDAST0399-RE,L10425
튤립 멜로디 레드 핀턱 셋업_L/100,LWMDAST0399-RE,L10426
튤립 멜로디 레드 핀턱 셋업_XL/105,LWMDAST0399-RE,L10427
워터 그린 핀턱 셋업,LWMDAST0400-GR,3
워터 그린 핀턱 셋업_S/90,LWMDAST0400-GR,L10428
워터 그린 핀턱 셋업_M/95,LWMDAST0400-GR,L10429
워터 그린 핀턱 셋업_L/100,LWMDAST0400-GR,L10430
워터 그린 핀턱 셋업_XL/105,LWMDAST0400-GR,L10431
튤립 멜로디 레드 핀턱,LWMDAOP0401-RE,3
튤립 멜로디 레드 핀턱_S/90,LWMDAOP0401-RE,L10432
튤립 멜로디 레드 핀턱_M/95,LWMDAOP0401-RE,L10433
튤립 멜로디 레드 핀턱_L/100,LWMDAOP0401-RE,L10434
튤립 멜로디 레드 핀턱_XL/105,LWMDAOP0401-RE,L10435
워터 그린 핀턱,LWMDAOP0402-GR,6
워터 그린 핀턱_S/90,LWMDAOP0402-GR,L10436
워터 그린 핀턱_M/95,LWMDAOP0402-GR,L10437
워터 그린 핀턱_L/100,LWMDAOP0402-GR,L10438
워터 그린 핀턱_XL/105,LWMDAOP0402-GR,L10439
브라운 링클 절개 셋업,LWMDAST0403-BR,6
브라운 링클 절개 셋업_S/90,LWMDAST0403-BR,L10440
브라운 링클 절개 셋업_M/95,LWMDAST0403-BR,L10441
브라운 링클 절개 셋업_L/100,LWMDAST0403-BR,L10442
브라운 링클 절개 셋업_XL/105,LWMDAST0403-BR,L10443
다크그레이 링클 절개 셋업,LWMDAST0404-CH,3
다크그레이 링클 절개 셋업_S/90,LWMDAST0404-CH,L10444
다크그레이 링클 절개 셋업_M/95,LWMDAST0404-CH,L10445
다크그레이 링클 절개 셋업_L/100,LWMDAST0404-CH,L10446
다크그레이 링클 절개 셋업_XL/105,LWMDAST0404-CH,L10447
브라운 링클 절개,LWMDASK0405-BR,3
브라운 링클 절개_S/M,LWMDASK0405-BR,L10448
브라운 링클 절개_L/XL,LWMDASK0405-BR,L10449
다크그레이링클 절개,LWMDASK0406-CH,5
다크그레이링클 절개_S/M,LWMDASK0406-CH,L10452
다크그레이링클 절개_L/XL,LWMDASK0406-CH,L10453
네이비 마린 테리 셔츠 셋업,LWMDAST0417-NM,5
네이비 마린 테리 셔츠 셋업_S/90,LWMDAST0417-NM,L10496
네이비 마린 테리 셔츠 셋업_M/95,LWMDAST0417-NM,L10497
네이비 마린 테리 셔츠 셋업_L/100,LWMDAST0417-NM,L10498
블루 오션 테리 셔츠 셋업,LWMDAST0416-BO,3
블루 오션 테리 셔츠 셋업_S/90,LWMDAST0416-BO,L10492
블루 오션 테리 셔츠 셋업_M/95,LWMDAST0416-BO,L10493
블루 오션 테리 셔츠 셋업_L/100,LWMDAST0416-BO,L10494
쿨 네이비 테리 셔츠 셋업,LWMDAST0415-CN,3
쿨 네이비 테리 셔츠 셋업_S/90,LWMDAST0415-CN,L10488
쿨 네이비 테리 셔츠 셋업_M/95,LWMDAST0415-CN,L10489
쿨 네이비 테리 셔츠 셋업_L/100,LWMDAST0415-CN,L10490
스카이 마린 테리 숏트임 셋업,LWMDAST0414-SM,3
스카이 마린 테리 숏트임 셋업_S/90,LWMDAST0414-SM,L10484
스카이 마린 테리 숏트임 셋업_M/95,LWMDAST0414-SM,L10485
스카이 마린 테리 숏트임 셋업_L/100,LWMDAST0414-SM,L10486
쿨 네이비 테리 숏트임 셋업,LWMDAST0413-CN,3
쿨 네이비 테리 숏트임 셋업_S/90,LWMDAST0413-CN,L10480
쿨 네이비 테리 숏트임 셋업_M/95,LWMDAST0413-CN,L10481
쿨 네이비 테리 숏트임 셋업_L/100,LWMDAST0413-CN,L10482
바이올렛 핑크 테리 숏트임 셋업,LWMDAST0412-VP,3
바이올렛 핑크 테리 숏트임 셋업_S/90,LWMDAST0412-VP,L10476
바이올렛 핑크 테리 숏트임 셋업_M/95,LWMDAST0412-VP,L10477
바이올렛 핑크 테리 숏트임 셋업_L/100,LWMDAST0412-VP,L10478
네이비 마린 테리 스냅,LWMDAOP0411-NM,3
네이비 마린 테리 스냅_S/M,LWMDAOP0411-NM,L10472
네이비 마린 테리 스냅_L/XL,LWMDAOP0411-NM,L10473
스카이 마린 테리 스냅,LWMDAOP0410-SM,6
스카이 마린 테리 스냅_S/M,LWMDAOP0410-SM,L10468
스카이 마린 테리 스냅_L/XL,LWMDAOP0410-SM,L10469
블루 오션 테리 스냅,LWMDAOP0409-BO,6
블루 오션 테리 스냅_S/M,LWMDAOP0409-BO,L10464
블루 오션 테리 스냅_L/XL,LWMDAOP0409-BO,L10465
쿨 네이비 테리 스냅,LWMDAOP0408-CN,6
쿨 네이비 테리 스냅_S/M,LWMDAOP0408-CN,L10460
쿨 네이비 테리 스냅_L/XL,LWMDAOP0408-CN,L10461
바이올렛 핑크 테리 스냅,LWMDAOP0407-VP,6
바이올렛 핑크 테리 스냅_S/M,LWMDAOP0407-VP,L10456
바이올렛 핑크 테리 스냅_L/XL,LWMDAOP0407-VP,L10457
네이비 마린 테리 셔츠 셋업,LMMDAST0419-NM,6
네이비 마린 테리 셔츠 셋업_L/100,LMMDAST0419-NM,L10505
네이비 마린 테리 셔츠 셋업_XL/105,LMMDAST0419-NM,L10506
네이비 마린 테리 셔츠 셋업_2XL/110,LMMDAST0419-NM,L10507
쿨 네이비 테리 셔츠 셋업,LMMDAST0418-CN,8
쿨 네이비 테리 셔츠 셋업_L/100,LMMDAST0418-CN,L10501
쿨 네이비 테리 셔츠 셋업_XL/105,LMMDAST0418-CN,L10502
쿨 네이비 테리 셔츠 셋업_2XL/110,LMMDAST0418-CN,L10503
라페어 세척팬티 1종,,8
라페어 세척팬티 1종_XS/85,LWMNNPT0439-MT,L10650
라페어 세척팬티 1종_S/90,LWMNNPT0439-MT,L10651
라페어 세척팬티 1종_M/95,LWMNNPT0439-MT,L10652
라페어 세척팬티 1종_L/100,LWMNNPT0439-MT,L10653
라페어 세척팬티 1종_XL/105,LWMNNPT0439-MT,L10654
라페어 세척팬티 1종_2XL/110,LWMNNPT0439-MT,L10655
라페어 세척팬티 1종_4XL/120,LWMNNPT0439-MT,L10656
자가드프린트 양말,LWMGASS0001,2
자가드프린트 양말 블루_230/250,LWMGASS0001-BU,L10627
자가드프린트 양말 민트_230/250,LWMGASS0001-MT,L10628
자가드프린트 양말 그린_230/250,LWMGASS0001-GR,L10629
자가드프린트 양말 핑크_230/250,LWMGASS0001-PK,L10630
자가드프린트 양말 옐로우_230/250,LWMGASS0001-YE,L10631
부드러운 양말,LWMGASS6001,10
부드러운 양말 그레이_230/250,LWMGASS6001-GY,L10632
부드러운 양말 라이트그레이_230/250,LWMGASS6001-LGY,L10633
부드러운 양말 화이트_230/250,LWMGASS6001-WH,L10634
부드러운 양말 블랙_230/250,LWMGASS6001-BK,L10635
따뜻하고 긴양말,LWMGASS4002,10
따뜻하고 긴양말 브라운_230/250,LWMGASS4002-BR,L10636
따뜻하고 긴양말 아이보리_230/250,LWMGASS4002-IV,L10637
따뜻하고 긴양말 블랙_230/250,LWMGASS4002-BK,L10638
여름 긴양말,LWMGASS4001,10
여름 긴양말 라이트브라운_230/250,LWMGASS4001-LBR,L10639
여름 긴양말 화이트_230/250,LWMGASS4001-WH,L10640
여름 긴양말 블랙_230/250,LWMGASS4001-CH,L10641
여성 덧신 양말,LWMGASS3001,1
여성 덧신 양말 그레이_230/250,LWMGASS3001-GY,L10642
여성 덧신 양말 화이트_230/250,LWMGASS3001-WH,L10643
여성 덧신 양말 블랙_230/250,LWMGASS3001-BK,L10644
부드러운 양말,LMMGASS2001,10
부드러운 양말 화이트_260/280,LMMGASS2001-WH,L10645
부드러운 양말 블랙_260/280,LMMGASS2001-BK,L10646
남성 덧신 양말,LMMGASS1001,1
남성 덧신 양말 화이트_260/280,LMMGASS1001-WH,L10647
남성 덧신 양말 블랙_260/280,LMMGASS1001-BK,L10648
남성 덧신 양말 그레이_260/280,LMMGASS1001-GY,L10649
라이크선데이 데이지 3종,SLMCA090-MT,1
라이크선데이 데이지 3종_S/90,SLMCA090-MT,S00619
라이크선데이 데이지 3종_M/95,SLMCA090-MT,S00620
라이크선데이 데이지 3종_L/100,SLMCA090-MT,S00621
라이크선데이 데이지 3종_XL/105,SLMCA090-MT,S00622
라이크선데이 아트웍 3종,SLMCA091-MT,1
라이크선데이 아트웍 3종_S/90,SLMCA091-MT,S00647
라이크선데이 아트웍 3종_M/95,SLMCA091-MT,S00648
라이크선데이 아트웍 3종_L/100,SLMCA091-MT,S00649
라이크선데이 아트웍 3종_XL/105,SLMCA091-MT,S00650
라이크선데이 블루 이지핏,SWLEAST0085-BU,1
라이크선데이 블루 이지핏_S/90,SWLEAST0085-BU,S00627
라이크선데이 블루 이지핏_M/95,SWLEAST0085-BU,S00628
라이크선데이 블루 이지핏_L/100,SWLEAST0085-BU,S00629
라이크선데이 블루 이지핏_XL/105,SWLEAST0085-BU,S00630
라이크선데이 오렌지 이지핏,SWLEAST0084-OR,3
라이크선데이 오렌지 이지핏_S/90,SWLEAST0084-OR,S00623
라이크선데이 오렌지 이지핏_M/95,SWLEAST0084-OR,S00624
라이크선데이 오렌지 이지핏_L/100,SWLEAST0084-OR,S00625
라이크선데이 오렌지 이지핏_XL/105,SWLEAST0084-OR,S00626
라이크선데이 카키 이지핏,SWLEAST0086-KA,3
라이크선데이 카키 이지핏_S/90,SWLEAST0086-KA,S00631
라이크선데이 카키 이지핏_M/95,SWLEAST0086-KA,S00632
라이크선데이 카키 이지핏_L/100,SWLEAST0086-KA,S00633
라이크선데이 카키 이지핏_XL/105,SWLEAST0086-KA,S00634
라일락블루 체크 셋업,SJMBB701-LB,3
라일락블루 체크 셋업_S/90,SJMBB701-LB,S00710
라일락블루 체크 셋업_M/95,SJMBB701-LB,S00711
라일락블루 체크 셋업_L/100,SJMBB701-LB,S00712
민트플라워 반소매 셋업,SWLDAST0069-MT,3
민트플라워 반소매 셋업_S/90,SWLDAST0069-MT,S00563
민트플라워 반소매 셋업_M/95,SWLDAST0069-MT,S00564
민트플라워 반소매 셋업_L/100,SWLDAST0069-MT,S00565
민트체크 반소매 셋업,SMLDAST0070-MT,3
민트체크 반소매 셋업_M/95,SMLDAST0070-MT,S00567
민트체크 반소매 셋업_L/100,SMLDAST0070-MT,S00568
민트체크 반소매 셋업_XL/105,SMLDAST0070-MT,S00569
풀숲의 바람 반소매 셋업,SMLDAST0073-BW,8
풀숲의 바람 반소매 셋업_M/95,SMLDAST0073-BW,S00579
풀숲의 바람 반소매 셋업_L/100,SMLDAST0073-BW,S00580
풀숲의 바람 반소매 셋업_XL/105,SMLDAST0073-BW,S00581
풀숲의 바람 셋업,SWLEAST0074-BW,8
풀숲의 바람 셋업_S/90,SWLEAST0074-BW,S00583
풀숲의 바람 셋업_M/95,SWLEAST0074-BW,S00584
풀숲의 바람 셋업_L/100,SWLEAST0074-BW,S00585
핑크오렌지 반소매 셋업,SWLDAST0076-OR,3
핑크오렌지 반소매 셋업_S/90,SWLDAST0076-OR,S00591
핑크오렌지 반소매 셋업_M/95,SWLDAST0076-OR,S00592
핑크오렌지 반소매 셋업_L/100,SWLDAST0076-OR,S00593
블루체크 반소매 셋업,SMLDAST0077-BS,3
블루체크 반소매 셋업_M/95,SMLDAST0077-BS,S00595
블루체크 반소매 셋업_L/100,SMLDAST0077-BS,S00596
블루체크 반소매 셋업_XL/105,SMLDAST0077-BS,S00597
블루체크 반소매 셋업,SWLEAST0079-BS,8
블루체크 반소매 셋업_S/90,SWLEAST0079-BS,S00603
블루체크 반소매 셋업_M/95,SWLEAST0079-BS,S00604
블루체크 반소매 셋업_L/100,SWLEAST0079-BS,S00605
웨이브스타 믹스,SWKFAOP0052-WS,3
웨이브스타 믹스 _S/90,SWKFAOP0052-WS,S00473
웨이브스타 믹스 _M/95,SWKFAOP0052-WS,S00474
웨이브스타 믹스 _L/100,SWKFAOP0052-WS,S00475
블루 백 트위스트,SWKFAOP0057-BL,1
블루 백 트위스트 _S/90,SWKFAOP0057-BL,S00491
블루 백 트위스트 _M/95,SWKFAOP0057-BL,S00492
블루 백 트위스트 _L/100,SWKFAOP0057-BL,S00493
블루 백 트위스트 _XL/105,SWKFAOP0057-BL,S00494
라임 백 트위스트,SWKFAOP0059-LM,6
라임 백 트위스트 _S/90,SWKFAOP0059-LM,S00499
라임 백 트위스트 _M/95,SWKFAOP0059-LM,S00500
라임 백 트위스트 _L/100,SWKFAOP0059-LM,S00501
라임 백 트위스트 _XL/105,SWKFAOP0059-LM,S00502
유쾌한 블루 반소매 셋업,SWMEAST0094-BU,6
유쾌한 블루 반소매 셋업_S/90,SWMEAST0094-BU,S00658
유쾌한 블루 반소매 셋업_M/95,SWMEAST0094-BU,S00659
유쾌한 블루 반소매 셋업_L/100,SWMEAST0094-BU,S00660
귀여운 꽃송이 반소매 셋업,SWMEAST0092-BU,3
귀여운 꽃송이 반소매 셋업_S/90,SWMEAST0092-BU,S00670
귀여운 꽃송이 반소매 셋업_M/95,SWMEAST0092-BU,S00671
귀여운 꽃송이 반소매 셋업_L/100,SWMEAST0092-BU,S00672
심심한 딸기 프릴 셋업,SWMEAST0104-PK,3
심심한 딸기 프릴 셋업_S/90,SWMEAST0104-PK,S00683
심심한 딸기 프릴 셋업_M/95,SWMEAST0104-PK,S00684
심심한 딸기 프릴 셋업_L/100,SWMEAST0104-PK,S00685
말랑한 구름꽃 셋업,SWMEAST0095-LB,3
말랑한 구름꽃 셋업_S/90,SWMEAST0095-LB,S00676
말랑한 구름꽃 셋업_M/95,SWMEAST0095-LB,S00677
말랑한 구름꽃 셋업_L/100,SWMEAST0095-LB,S00678
설레는 페이즐리 셋업,SWMEAST0107-ID,3
설레는 페이즐리 셋업_S/90,SWMEAST0107-ID,S00692
설레는 페이즐리 셋업_M/95,SWMEAST0107-ID,S00693
설레는 페이즐리 셋업_L/100,SWMEAST0107-ID,S00694
설레는 페이즐리 반소매 셋업,SMMEAST0109-ID,3
설레는 페이즐리 반소매 셋업_M/95,SMMEAST0109-ID,S00698
설레는 페이즐리 반소매 셋업_L/100,SMMEAST0109-ID,S00699
설레는 페이즐리 반소매 셋업_XL/105,SMMEAST0109-ID,S00700
레고플라워 반소매 셋업,SWMEAST0110-NY,8
레고플라워 반소매 셋업_S/90,SWMEAST0110-NY,S00701
레고플라워 반소매 셋업_M/95,SWMEAST0110-NY,S00702
레고플라워 반소매 셋업_L/100,SWMEAST0110-NY,S00703
레고플라워 반소매 셋업,SMMEAST0112-NY,3
레고플라워 반소매 셋업_M/95,SMMEAST0112-NY,S00707
레고플라워 반소매 셋업_L/100,SMMEAST0112-NY,S00708
레고플라워 반소매 셋업_XL/105,SMMEAST0112-NY,S00709
다정한 그레이 반소매 여셋업,SWMEAST0113-CH,8
다정한 그레이 반소매 여셋업_S/90,SWMEAST0113-CH,S00664
다정한 그레이 반소매 여셋업_M/95,SWMEAST0113-CH,S00665
다정한 그레이 반소매 여셋업_L/100,SWMEAST0113-CH,S00666
다정한 그레이 반소매 남셋업,SMMEAST0114-CH,3
다정한 그레이 반소매 남셋업_M/95,SMMEAST0114-CH,S00667
다정한 그레이 반소매 남셋업_L/100,SMMEAST0114-CH,S00668
다정한 그레이 반소매 남셋업_XL/105,SMMEAST0114-CH,S00669
모달 드로즈 레드 1종,LMPFH418-RE,1
모달 드로즈 레드 1종_M/95,LMPFH418-RE,L05343
모달 드로즈 레드 1종_L/100,LMPFH418-RE,L05344
모달 드로즈 레드 1종_XL/105,LMPFH418-RE,L05345
모달 드로즈 레드 1종_2XL/110,LMPFH418-RE,L05346
모달 드로즈 블랙 1종,LMPFH419-BK,1
모달 드로즈 블랙 1종_M/95,LMPFH419-BK,L05347
모달 드로즈 블랙 1종_L/100,LMPFH419-BK,L05348
모달 드로즈 블랙 1종_XL/105,LMPFH419-BK,L05349
모달 드로즈 블랙 1종_2XL/110,LMPFH419-BK,L05350
아이보리 트렁크 1종,LMJDATR0014-IV,1
아이보리 트렁크 1종_M/95,LMJDATR0014-IV,L07148
아이보리 트렁크 1종_L/100,LMJDATR0014-IV,L07149
아이보리 트렁크 1종_XL/105,LMJDATR0014-IV,L07150
아이보리 트렁크 1종_2XL/110,LMJDATR0014-IV,L07151
새먼오렌지 트렁크 1종,LMJDATR0015-OR,1
새먼오렌지 트렁크 1종_M/95,LMJDATR0015-OR,L07152
새먼오렌지 트렁크 1종_L/100,LMJDATR0015-OR,L07153
새먼오렌지 트렁크 1종_XL/105,LMJDATR0015-OR,L07154
새먼오렌지 트렁크 1종_2XL/110,LMJDATR0015-OR,L07155
블루그레이 트렁크 1종,LMJDATR0017-BG,1
블루그레이 트렁크 1종_M/95,LMJDATR0017-BG,L07160
블루그레이 트렁크 1종_L/100,LMJDATR0017-BG,L07161
블루그레이 트렁크 1종_XL/105,LMJDATR0017-BG,L07162
블루그레이 트렁크 1종_2XL/110,LMJDATR0017-BG,L07163
퍼플네이비 트렁크 1종,LMJDATR0018-PN,1
퍼플네이비 트렁크 1종_M/95,LMJDATR0018-PN,L07164
퍼플네이비 트렁크 1종_L/100,LMJDATR0018-PN,L07165
퍼플네이비 트렁크 1종_XL/105,LMJDATR0018-PN,L07166
퍼플네이비 트렁크 1종_2XL/110,LMJDATR0018-PN,L07167
피코블루 트렁크 1종,LMJDATR0019-BU,1
피코블루 트렁크 1종_M/95,LMJDATR0019-BU,L07168
피코블루 트렁크 1종_L/100,LMJDATR0019-BU,L07169
피코블루 트렁크 1종_XL/105,LMJDATR0019-BU,L07170
피코블루 트렁크 1종_2XL/110,LMJDATR0019-BU,L07171
퍼플와인 트렁크 1종,LMJDATR0021-PU,1
퍼플와인 트렁크 1종_M/95,LMJDATR0021-PU,L07176
퍼플와인 트렁크 1종_L/100,LMJDATR0021-PU,L07177
퍼플와인 트렁크 1종_XL/105,LMJDATR0021-PU,L07178
퍼플와인 트렁크 1종_2XL/110,LMJDATR0021-PU,L07179
골드브라운 트렁크 1종,LMJDATR0079-BT,1
골드브라운 트렁크 1종_M/95,LMJDATR0079-BT,L07731
골드브라운 트렁크 1종_L/100,LMJDATR0079-BT,L07732
골드브라운 트렁크 1종_XL/105,LMJDATR0079-BT,L07733
골드브라운 트렁크 1종_2XL/110,LMJDATR0079-BT,L07734
모달 드로즈 네이비 1종,LMDGI540,7
모달 드로즈 네이비 1종_M/95,LMDGI540,L06744
모달 드로즈 네이비 1종_L/100,LMDGI540,L06745
모달 드로즈 네이비 1종_XL/105,LMDGI540,L06746
모달 드로즈 네이비 1종_2XL/110,LMDGI540,L06747
모달 드로즈 딥그린 1종,LMDGI541,7
모달 드로즈 딥그린 1종_M/95,LMDGI541,L06748
모달 드로즈 딥그린 1종_L/100,LMDGI541,L06749
모달 드로즈 딥그린 1종_XL/105,LMDGI541,L06750
모달 드로즈 딥그린 1종_2XL/110,LMDGI541,L06751
모달 드로즈 챠콜 1종,LMDGI542,7
모달 드로즈 챠콜 1종_M/95,LMDGI542,L06752
모달 드로즈 챠콜 1종_L/100,LMDGI542,L06753
모달 드로즈 챠콜 1종_XL/105,LMDGI542,L06754
모달 드로즈 챠콜 1종_2XL/110,LMDGI542,L06755
재규어 레오파드 드로즈 1종,LMKEAMD0220-BL,7
재규어 레오파드 드로즈 1종_M/95,LMKEAMD0220-BL,L09005
재규어 레오파드 드로즈 1종_L/100,LMKEAMD0220-BL,L09006
재규어 레오파드 드로즈 1종_XL/105,LMKEAMD0220-BL,L09007
재규어 레오파드 드로즈 1종_2XL/110,LMKEAMD0220-BL,L09008
카르타고 테마 드로즈 1종,LMKEAMD0221-WI,7
카르타고 테마 드로즈 1종_M/95,LMKEAMD0221-WI,L09009
카르타고 테마 드로즈 1종_L/100,LMKEAMD0221-WI,L09010
카르타고 테마 드로즈 1종_XL/105,LMKEAMD0221-WI,L09011
카르타고 테마 드로즈 1종_2XL/110,LMKEAMD0221-WI,L09012
블루오션 타이거 드로즈 1종,LMKEAMD0222-BL,7
블루오션 타이거 드로즈 1종_M/95,LMKEAMD0222-BL,L09013
블루오션 타이거 드로즈 1종_L/100,LMKEAMD0222-BL,L09014
블루오션 타이거 드로즈 1종_XL/105,LMKEAMD0222-BL,L09015
블루오션 타이거 드로즈 1종_2XL/110,LMKEAMD0222-BL,L09016
사바나 리프 드로즈 1종,LMKEAMD0223-OR,7
사바나 리프 드로즈 1종_M/95,LMKEAMD0223-OR,L09017
사바나 리프 드로즈 1종_L/100,LMKEAMD0223-OR,L09018
사바나 리프 드로즈 1종_XL/105,LMKEAMD0223-OR,L09019
사바나 리프 드로즈 1종_2XL/110,LMKEAMD0223-OR,L09020
세렝게티 파크 드로즈 1종,LMKEAMD0224-LM,7
세렝게티 파크 드로즈 1종_M/95,LMKEAMD0224-LM,L09021
세렝게티 파크 드로즈 1종_L/100,LMKEAMD0224-LM,L09022
세렝게티 파크 드로즈 1종_XL/105,LMKEAMD0224-LM,L09023
세렝게티 파크 드로즈 1종_2XL/110,LMKEAMD0224-LM,L09024
자이언트 그린 트렁크 1종,LMKEAMT0211-MT,7
자이언트 그린 트렁크 1종_M/95,LMKEAMT0211-MT,L08969
자이언트 그린 트렁크 1종_L/100,LMKEAMT0211-MT,L08970
자이언트 그린 트렁크 1종_XL/105,LMKEAMT0211-MT,L08971
자이언트 그린 트렁크 1종_2XL/110,LMKEAMT0211-MT,L08972
재규어 레오파드 트렁크 1종,LMKEAMT0213-BL,7
재규어 레오파드 트렁크 1종_M/95,LMKEAMT0213-BL,L08977
재규어 레오파드 트렁크 1종_L/100,LMKEAMT0213-BL,L08978
재규어 레오파드 트렁크 1종_XL/105,LMKEAMT0213-BL,L08979
재규어 레오파드 트렁크 1종_2XL/110,LMKEAMT0213-BL,L08980
카르타고 테마 트렁크 1종,LMKEAMT0214-WI,7
카르타고 테마 트렁크 1종_M/95,LMKEAMT0214-WI,L08981
카르타고 테마 트렁크 1종_L/100,LMKEAMT0214-WI,L08982
카르타고 테마 트렁크 1종_XL/105,LMKEAMT0214-WI,L08983
카르타고 테마 트렁크 1종_2XL/110,LMKEAMT0214-WI,L08984
페르시안 루미레드 팬츠,LWPFA082-RE,000005
페르시안 루미레드 팬츠_S/90,LWPFA082-RE,L04495
페르시안 루미레드 팬츠_M/95,LWPFA082-RE,L04496
페르시안 루미레드 팬츠_L/100,LWPFA082-RE,L04746
페르시안 루미레드 팬츠_XL/105,LWPFA082-RE,L04747
아라베스크 바실리카 팬츠,LWPFA083-MNY,000005
아라베스크 바실리카 팬츠_S/90,LWPFA083-MNY,L04497
아라베스크 바실리카 팬츠_M/95,LWPFA083-MNY,L04498
아라베스크 바실리카 팬츠_L/100,LWPFA083-MNY,L04748
아라베스크 바실리카 팬츠_XL/105,LWPFA083-MNY,L04749
줄리 레드 팬츠,LWPFH438-OR,000005
줄리 레드 팬츠_S/90,LWPFH438-OR,L05436
줄리 레드 팬츠_M/95,LWPFH438-OR,L05437
줄리 레드 팬츠_L/100,LWPFH438-OR,L05438
줄리 레드 팬츠_XL/105,LWPFH438-OR,L05439
데칼코마니 퍼플 조거팬츠,LWPGH506-BP,000005
데칼코마니 퍼플 조거팬츠_S/90,LWPGH506-BP,L06540
데칼코마니 퍼플 조거팬츠_M/95,LWPGH506-BP,L06541
데칼코마니 퍼플 조거팬츠_L/100,LWPGH506-BP,L06542
데칼코마니 퍼플 조거팬츠_XL/105,LWPGH506-BP,L06543
아라베스크 오렌지 조거 팬츠,LWPGH507-OR,000005
아라베스크 오렌지 조거 팬츠_S/90,LWPGH507-OR,L06544
아라베스크 오렌지 조거 팬츠_M/95,LWPGH507-OR,L06545
아라베스크 오렌지 조거 팬츠_L/100,LWPGH507-OR,L06546
아라베스크 오렌지 조거 팬츠_XL/105,LWPGH507-OR,L06547
네이비 블랙 수딩웜 슬림 팬츠,LWJKAPT0114-NB,000005
네이비 블랙 수딩웜 슬림 팬츠_S/90,LWJKAPT0114-NB,L08125
네이비 블랙 수딩웜 슬림 팬츠_M/95,LWJKAPT0114-NB,L08126
네이비 블랙 수딩웜 슬림 팬츠_L/100,LWJKAPT0114-NB,L08127
네이비 블랙 수딩웜 슬림 팬츠_XL/105,LWJKAPT0114-NB,L08128
베이지 핑크 수딩웜 조거 팬츠,LWJLAPT0119-BP,000005
베이지 핑크 수딩웜 조거 팬츠_S/90,LWJLAPT0119-BP,L08145
베이지 핑크 수딩웜 조거 팬츠_M/95,LWJLAPT0119-BP,L08146
베이지 핑크 수딩웜 조거 팬츠_L/100,LWJLAPT0119-BP,L08147
베이지 핑크 수딩웜 조거 팬츠_XL/105,LWJLAPT0119-BP,L08148
네이비 퍼플 수딩웜 일자 팬츠,LWJKAPT0129-NF,000005
네이비 퍼플 수딩웜 일자 팬츠_S/90,LWJKAPT0129-NF,L08201
네이비 퍼플 수딩웜 일자 팬츠_M/95,LWJKAPT0129-NF,L08202
네이비 퍼플 수딩웜 일자 팬츠_L/100,LWJKAPT0129-NF,L08203
네이비 퍼플 수딩웜 일자 팬츠_XL/105,LWJKAPT0129-NF,L08204
블루 레오파드 수딩웜 일자 팬츠,LWJLAPT0118-BL,000005
블루 레오파드 수딩웜 일자 팬츠_S/90,LWJLAPT0118-BL,L08141
블루 레오파드 수딩웜 일자 팬츠_M/95,LWJLAPT0118-BL,L08142
블루 레오파드 수딩웜 일자 팬츠_L/100,LWJLAPT0118-BL,L08143
블루 레오파드 수딩웜 일자 팬츠_XL/105,LWJLAPT0118-BL,L08144
페이즐리 수딩웜 조거 팬츠,LWJKAPT0124-PP,000005
페이즐리 수딩웜 조거 팬츠_S/90,LWJKAPT0124-PP,L08181
페이즐리 수딩웜 조거 팬츠_M/95,LWJKAPT0124-PP,L08182
페이즐리 수딩웜 조거 팬츠_L/100,LWJKAPT0124-PP,L08183
페이즐리 수딩웜 조거 팬츠_XL/105,LWJKAPT0124-PP,L08184
코랄 수딩웜 조거팬츠,LWJKAPT0113-CR,000005
코랄 수딩웜 조거팬츠_S/90,LWJKAPT0113-CR,L08121
코랄 수딩웜 조거팬츠_M/95,LWJKAPT0113-CR,L08122
코랄 수딩웜 조거팬츠_L/100,LWJKAPT0113-CR,L08123
코랄 수딩웜 조거팬츠_XL/105,LWJKAPT0113-CR,L08124
에그 플라워 수딩웜 조거팬츠,LWJJAPT0137-EF,000005
에그 플라워 수딩웜 조거팬츠_S/90,LWJJAPT0137-EF,L08385
에그 플라워 수딩웜 조거팬츠_M/95,LWJJAPT0137-EF,L08386
에그 플라워 수딩웜 조거팬츠_L/100,LWJJAPT0137-EF,L08387
에그 플라워 수딩웜 조거팬츠_XL/105,LWJJAPT0137-EF,L08388
코랄 플라워 수딩웜 조거팬츠,LWJJAPT0138-CF,000005
코랄 플라워 수딩웜 조거팬츠_S/90,LWJJAPT0138-CF,L08389
코랄 플라워 수딩웜 조거팬츠_M/95,LWJJAPT0138-CF,L08390
코랄 플라워 수딩웜 조거팬츠_L/100,LWJJAPT0138-CF,L08391
코랄 플라워 수딩웜 조거팬츠_XL/105,LWJJAPT0138-CF,L08392
베일리 핑크 파자마 세트,LWSFH462-PK,000003
베일리 핑크 파자마 세트_S/90,LWSFH462-PK,L05568
베일리 핑크 파자마 세트_M/95,LWSFH462-PK,L05569
베일리 핑크 파자마 세트_L/100,LWSFH462-PK,L05570
베일리 핑크 파자마 세트_XL/105,LWSFH462-PK,L05571
루비 와인 파자마 세트,LWSFH188-WI,000003
루비 와인 파자마 세트_S/90,LWSFH188-WI,L05012
루비 와인 파자마 세트_M/95,LWSFH188-WI,L05013
보타닉 크림 파자마 세트,LWSFH205-WH,000003
보타닉 크림 파자마 세트_S/90,LWSFH205-WH,L05104
보타닉 크림 파자마 세트_M/95,LWSFH205-WH,L05105
보타닉 크림 파자마 세트_L/100,LWSFH205-WH,L05106
로마네스크 큐폴라 셋업,LWSFH479-WH,000003
로마네스크 큐폴라 셋업_S/90,LWSFH479-WH,L05584
로마네스크 큐폴라 셋업_M/95,LWSFH479-WH,L05585
로마네스크 큐폴라 셋업_L/100,LWSFH479-WH,L05586
로마네스크 큐폴라 셋업_XL/105,LWSFH479-WH,L05587
퍼플 수딩웜 셋업,LWJJAST0107-PU,000003
퍼플 수딩웜 셋업_S/90,LWJJAST0107-PU,L07929
퍼플 수딩웜 셋업_M/95,LWJJAST0107-PU,L07930
퍼플 수딩웜 셋업_L/100,LWJJAST0107-PU,L07931
퍼플 수딩웜 셋업_XL/105,LWJJAST0107-PU,L07932
핑크퍼플 수딩웜 셋업 ,LWJIAST0065-PP,000003
핑크퍼플 수딩웜 셋업 _S/90,LWJIAST0065-PP,L07643
핑크퍼플 수딩웜 셋업 _M/95,LWJIAST0065-PP,L07644
핑크퍼플 수딩웜 셋업 _L/100,LWJIAST0065-PP,L07645
핑크퍼플 수딩웜 셋업 _XL/105,LWJIAST0065-PP,L07646
유러피안 '60수' 면 파자마 세트,LWSFH196-LB,000003
유러피안 '60수' 면 파자마 세트_S/90,LWSFH196-LB,L05048
유러피안 '60수' 면 파자마 세트_M/95,LWSFH196-LB,L05049
유러피안 '60수' 면 파자마 세트_L/100,LWSFH196-LB,L05050
유러피안 '60수' 면 파자마 세트_XL/105,LWSFH196-LB,L05051
포메이리지오 '60수' 면 파자마 세트,LWSFH193-PK,000003
포메이리지오 '60수' 면 파자마 세트 _S/90,LWSFH193-PK,L05036
포메이리지오 '60수' 면 파자마 세트 _M/95,LWSFH193-PK,L05037
포메이리지오 '60수' 면 파자마 세트 _L/100,LWSFH193-PK,L05038
포메이리지오 '60수' 면 파자마 세트 _XL/105,LWSFH193-PK,L05039
아이보리 멜로우 샤틴 여파자마,LWLIAST0328-IV,000003
아이보리 멜로우 샤틴 여파자마_S/90,LWLIAST0328-IV,L10054
아이보리 멜로우 샤틴 여파자마_M/95,LWLIAST0328-IV,L10055
아이보리 멜로우 샤틴 여파자마_L/100,LWLIAST0328-IV,L10056
아이보리 멜로우 샤틴 여파자마_XL/105,LWLIAST0328-IV,L10057
아이보리 멜로우 샤틴 여파자마_2XL/110,LWLIAST0328-IV,L10058
카키브라운 이브닝 샤틴 여파자마 ,LWLIAST0329-KA,000003
카키브라운 이브닝 샤틴 여파자마_S/90,LWLIAST0329-KA,L10059
카키브라운 이브닝 샤틴 여파자마_M/95,LWLIAST0329-KA,L10060
카키브라운 이브닝 샤틴 여파자마_L/100,LWLIAST0329-KA,L10061
카키브라운 이브닝 샤틴 여파자마_XL/105,LWLIAST0329-KA,L10062
카키브라운 이브닝 샤틴 여파자마_2XL/110,LWLIAST0329-KA,L10063
터쿼이즈 수딩웜 셋업,LWJKAST0112-TQ,000003
터쿼이즈 수딩웜 셋업_S/90,LWJKAST0112-TQ,L08117
터쿼이즈 수딩웜 셋업_M/95,LWJKAST0112-TQ,L08118
터쿼이즈 수딩웜 셋업_L/100,LWJKAST0112-TQ,L08119
터쿼이즈 수딩웜 셋업_XL/105,LWJKAST0112-TQ,L08120
미니부케 티어드 원피스,LWOFA099-GK,000006
미니부케 티어드 원피스_S/90,LWOFA099-GK,L04533
미니부케 티어드 원피스_M/95,LWOFA099-GK,L04534
미니부케 티어드 원피스_L/100,LWOFA099-GK,L04535
페르시안 네이비 셔링 롱 원피스,WOFK500-NY,000006
페르시안 네이비 셔링 롱 원피스_S/M,WOFK500-NY,L05673
페르시안 네이비 셔링 롱 원피스_L/XL,WOFK500-NY,L05674
페르시안 루미레드 셔링 원피스,LWOFK501-RE,000006
페르시안 루미레드 셔링 원피스_S/M,LWOFK501-RE,L05675
페르시안 루미레드 셔링 원피스_L/XL,LWOFK501-RE,L05676
미니부케 그레이쉬 셔링원피스 ,LWOFK517-KH,000006
미니부케 그레이쉬 셔링원피스 _S/M,LWOFK517-KH,L05736
미니부케 그레이쉬 셔링원피스 _L/XL,LWOFK517-KH,L05737
베이지 브라운 수딩웜 원피스,LWJKAOP0115-BB,000006
베이지 브라운 수딩웜 원피스_S/90,LWJKAOP0115-BB,L08129
베이지 브라운 수딩웜 원피스_M/95,LWJKAOP0115-BB,L08130
베이지 브라운 수딩웜 원피스_L/100,LWJKAOP0115-BB,L08131
베이지 브라운 수딩웜 원피스_XL/105,LWJKAOP0115-BB,L08132
코랄 수딩웜 맞주름 원피스,LWJKAOP0116-CR,000006
코랄 수딩웜 맞주름 원피스_S/90,LWJKAOP0116-CR,L08133
코랄 수딩웜 맞주름 원피스_M/95,LWJKAOP0116-CR,L08134
코랄 수딩웜 맞주름 원피스_L/100,LWJKAOP0116-CR,L08135
코랄 수딩웜 맞주름 원피스_XL/105,LWJKAOP0116-CR,L08136
페르시안 레드 롱 원피스,LWOGI1059-RE,000006
페르시안 레드 롱 원피스_S/M,LWOGI1059-RE,L06932
페르시안 레드 롱 원피스_L/XL,LWOGI1059-RE,L06933
아라베스크 바실리카 원피스,LWOFK502-MN,000006
아라베스크 바실리카 원피스_S/M,LWOFK502-MN,L05677
아라베스크 바실리카 원피스_L/XL,LWOFK502-MN,L05678
플라워 베드 블랙 원피스,LWOFK484-BK,000006
플라워 베드 블랙 원피스_S/90,LWOFK484-BK,L05608
플라워 베드 블랙 원피스_M/95 ,LWOFK484-BK,L05609
플라워 베드 블랙 원피스_L/100 ,LWOFK484-BK,L05610
플라워 베드 블랙 원피스_XL/105,LWOFK484-BK,L05611
유니버스 파자마 원피스,LWKJAOP0266-DC,000006
유니버스 파자마 원피스_S/90,LWKJAOP0266-DC,L09374
유니버스 파자마 원피스_M/95,LWKJAOP0266-DC,L09375
유니버스 파자마 원피스_L/100,LWKJAOP0266-DC,L09376
유니버스 파자마 원피스_XL/105,LWKJAOP0266-DC,L09377
